Workbook

Sheet master
A1: Area Code | B1: Area Name | C1: Parent Area Code | D1: Parent Area Name | E1: Growth | F1: Energy | G1: Crime | H1: Opportunity | I1: Health
A2: E02003940 | B2: St Breward, Tredethy & Lanivet - Cornwall 011 | C2: E06000052 | D2: Cornwall | E2: =INDEX(growth!C:C,MATCH(A2,growth!A:A, )) -> 28.645557 | F2: =INDEX(energy!C:C,MATCH(A2,energy!A:A, )) -> 80.37185 | G2: =INDEX(crime!C:C,MATCH(A2,crime!A:A, )) -> 29907 | H2: =INDEX(opportunity!C:C,MATCH(A2,opportunity!A:A, )) -> 36.538282 | I2: =INDEX(health!C:C,MATCH(A2,health!A:A, )) -> 43.790639
A3: E02003941 | B3: Bodmin East - Cornwall 014 | C3: E06000052 | D3: Cornwall | E3: =INDEX(growth!C:C,MATCH(A3,growth!A:A, )) -> 35.866479 | F3: =INDEX(energy!C:C,MATCH(A3,energy!A:A, )) -> 13.686623 | G3: =INDEX(crime!C:C,MATCH(A3,crime!A:A, )) -> 20444 | H3: =INDEX(opportunity!C:C,MATCH(A3,opportunity!A:A, )) -> 52.102958 | I3: =INDEX(health!C:C,MATCH(A3,health!A:A, )) -> 58.450758
A4: E02003945 | B4: Towednack, Lelant & Carbis Bay - Cornwall 058 | C4: E06000052 | D4: Cornwall | E4: =INDEX(growth!C:C,MATCH(A4,growth!A:A, )) -> 30.495785 | F4: =INDEX(energy!C:C,MATCH(A4,energy!A:A, )) -> 42.993484 | G4: =INDEX(crime!C:C,MATCH(A4,crime!A:A, )) -> 30535 | H4: =INDEX(opportunity!C:C,MATCH(A4,opportunity!A:A, )) -> 24.194445 | I4: =INDEX(health!C:C,MATCH(A4,health!A:A, )) -> 14.617201
A5: E02003946 | B5: Marazion, St Erth & Gwinear Gwithian - Cornwall 061 | C5: E06000052 | D5: Cornwall | E5: =INDEX(growth!C:C,MATCH(A5,growth!A:A, )) -> 39.302738 | F5: =INDEX(energy!C:C,MATCH(A5,energy!A:A, )) -> 60.855162 | G5: =INDEX(crime!C:C,MATCH(A5,crime!A:A, )) -> 28088 | H5: =INDEX(opportunity!C:C,MATCH(A5,opportunity!A:A, )) -> 29.993619 | I5: =INDEX(health!C:C,MATCH(A5,health!A:A, )) -> 22.679794
A6: E02003947 | B6: West Penwith & St Buryan - Cornwall 065 | C6: E06000052 | D6: Cornwall | E6: =INDEX(growth!C:C,MATCH(A6,growth!A:A, )) -> 44.326738 | F6: =INDEX(energy!C:C,MATCH(A6,energy!A:A, )) -> 76.259974 | G6: =INDEX(crime!C:C,MATCH(A6,crime!A:A, )) -> 26418 | H6: =INDEX(opportunity!C:C,MATCH(A6,opportunity!A:A, )) -> 30.450697 | I6: =INDEX(health!C:C,MATCH(A6,health!A:A, )) -> 24.371111
A7: E02003948 | B7: Penzance North - Cornwall 067 | C7: E06000052 | D7: Cornwall | E7: =INDEX(growth!C:C,MATCH(A7,growth!A:A, )) -> 54.343592 | F7: =INDEX(energy!C:C,MATCH(A7,energy!A:A, )) -> 33.581972 | G7: =INDEX(crime!C:C,MATCH(A7,crime!A:A, )) -> 16850 | H7: =INDEX(opportunity!C:C,MATCH(A7,opportunity!A:A, )) -> 32.261074 | I7: =INDEX(health!C:C,MATCH(A7,health!A:A, )) -> 36.765124
A8: E02000186 | B8: Camden Town & Mornington Crescent - Camden 021 | C8: E09000007 | D8: Camden | E8: =INDEX(growth!C:C,MATCH(A8,growth!A:A, )) -> 7.4603752 | F8: =INDEX(energy!C:C,MATCH(A8,energy!A:A, )) -> 6.9340417 | G8: =INDEX(crime!C:C,MATCH(A8,crime!A:A, )) -> 8723 | H8: =INDEX(opportunity!C:C,MATCH(A8,opportunity!A:A, )) -> 4.0122614 | I8: =INDEX(health!C:C,MATCH(A8,health!A:A, )) -> 2.2849131
A9: E02004035 | B9: Ambergate, Heage & Idridgehay - Amber Valley 007 | C9: E07000032 | D9: Amber Valley | E9: =INDEX(growth!C:C,MATCH(A9,growth!A:A, )) -> 13.022385 | F9: =INDEX(energy!C:C,MATCH(A9,energy!A:A, )) -> 58.275014 | G9: =INDEX(crime!C:C,MATCH(A9,crime!A:A, )) -> 29744 | H9: =INDEX(opportunity!C:C,MATCH(A9,opportunity!A:A, )) -> 20.407362 | I9: =INDEX(health!C:C,MATCH(A9,health!A:A, )) -> 20.227458
A10: E02000213 | B10: Selhurst South & West Croydon - Croydon 020 | C10: E09000008 | D10: Croydon | E10: =INDEX(growth!C:C,MATCH(A10,growth!A:A, )) -> 17.220037 | F10: =INDEX(energy!C:C,MATCH(A10,energy!A:A, )) -> 11.707973 | G10: =INDEX(crime!C:C,MATCH(A10,crime!A:A, )) -> 3093 | H10: =INDEX(opportunity!C:C,MATCH(A10,opportunity!A:A, )) -> 8.3711402 | I10: =INDEX(health!C:C,MATCH(A10,health!A:A, )) -> 26.658309
A11: E02005506 | B11: Dereham West, Necton & Gressenhall - Breckland 004 | C11: E07000143 | D11: Breckland | E11: =INDEX(growth!C:C,MATCH(A11,growth!A:A, )) -> 36.916017 | F11: =INDEX(energy!C:C,MATCH(A11,energy!A:A, )) -> 24.081619 | G11: =INDEX(crime!C:C,MATCH(A11,crime!A:A, )) -> 26338 | H11: =INDEX(opportunity!C:C,MATCH(A11,opportunity!A:A, )) -> 40.03785 | I11: =INDEX(health!C:C,MATCH(A11,health!A:A, )) -> 26.895198
A12: E02004021 | B12: Hawkshead & Cartmel Fell - South Lakeland 007 | C12: E07000031 | D12: South Lakeland | E12: =INDEX(growth!C:C,MATCH(A12,growth!A:A, )) -> 9.5513801 | F12: =INDEX(energy!C:C,MATCH(A12,energy!A:A, )) -> 76.021709 | G12: =INDEX(crime!C:C,MATCH(A12,crime!A:A, )) -> 26950 | H12: =INDEX(opportunity!C:C,MATCH(A12,opportunity!A:A, )) -> 21.489545 | I12: =INDEX(health!C:C,MATCH(A12,health!A:A, )) -> 31.186568
A13: E02004022 | B13: Coniston, Broughton & Kirkby - South Lakeland 008 | C13: E07000031 | D13: South Lakeland | E13: =INDEX(growth!C:C,MATCH(A13,growth!A:A, )) -> 20.136365 | F13: =INDEX(energy!C:C,MATCH(A13,energy!A:A, )) -> 85.649581 | G13: =INDEX(crime!C:C,MATCH(A13,crime!A:A, )) -> 30254 | H13: =INDEX(opportunity!C:C,MATCH(A13,opportunity!A:A, )) -> 20.194802 | I13: =INDEX(health!C:C,MATCH(A13,health!A:A, )) -> 26.922453
... A6856: E02007034 | B6856: Bishops Cleeve West & North - Tewkesbury 010 | C6856: E07000083 | D6856: Tewkesbury | E6856: =INDEX(growth!C:C,MATCH(A6856,growth!A:A, )) -> 7.2385731 | F6856: =INDEX(energy!C:C,MATCH(A6856,energy!A:A, )) -> 1.704785 | G6856: =INDEX(crime!C:C,MATCH(A6856,crime!A:A, )) -> 26389 | H6856: =INDEX(opportunity!C:C,MATCH(A6856,opportunity!A:A, )) -> 7.6678932 | I6856: =INDEX(health!C:C,MATCH(A6856,health!A:A, )) -> 1.1957401

Sheet growth
A1: Area Code | B1: Area Name | C1: Value | D1: Parent Area Code | E1: Parent Area Name
A2: E02003940 | B2: St Breward, Tredethy & Lanivet - Cornwall 011 | C2: 28.645557 | D2: E06000052 | E2: Cornwall
A3: E02003941 | B3: Bodmin East - Cornwall 014 | C3: 35.866479 | D3: E06000052 | E3: Cornwall
A4: E02003945 | B4: Towednack, Lelant & Carbis Bay - Cornwall 058 | C4: 30.495785 | D4: E06000052 | E4: Cornwall
A5: E02003946 | B5: Marazion, St Erth & Gwinear Gwithian - Cornwall 061 | C5: 39.302738 | D5: E06000052 | E5: Cornwall
A6: E02003947 | B6: West Penwith & St Buryan - Cornwall 065 | C6: 44.326738 | D6: E06000052 | E6: Cornwall
A7: E02003948 | B7: Penzance North - Cornwall 067 | C7: 54.343592 | D7: E06000052 | E7: Cornwall
A8: E02000186 | B8: Camden Town & Mornington Crescent - Camden 021 | C8: 7.4603752 | D8: E09000007 | E8: Camden
A9: E02004035 | B9: Ambergate, Heage & Idridgehay - Amber Valley 007 | C9: 13.022385 | D9: E07000032 | E9: Amber Valley
A10: E02000213 | B10: Selhurst South & West Croydon - Croydon 020 | C10: 17.220037 | D10: E09000008 | E10: Croydon
A11: E02005506 | B11: Dereham West, Necton & Gressenhall - Breckland 004 | C11: 36.916017 | D11: E07000143 | E11: Breckland
A12: E02004021 | B12: Hawkshead & Cartmel Fell - South Lakeland 007 | C12: 9.5513801 | D12: E07000031 | E12: South Lakeland
A13: E02004022 | B13: Coniston, Broughton & Kirkby - South Lakeland 008 | C13: 20.136365 | D13: E07000031 | E13: South Lakeland
... A6856: E02007034 | B6856: Bishops Cleeve West & North - Tewkesbury 010 | C6856: 7.2385731 | D6856: E07000083 | E6856: Tewkesbury

Sheet energy
A1: Area Code | B1: Area Name | C1: Value | D1: Parent Area Code | E1: Parent Area Name
A2: E02000036 | B2: Edgware East - Barnet 013 | C2: 12.591311 | D2: E09000003 | E2: Barnet
A3: E02000048 | B3: Copthall & Downage - Barnet 025 | C3: 11.557667 | D3: E09000003 | E3: Barnet
A4: E02000050 | B4: Fallow Corner - Barnet 027 | C4: 17.072041 | D4: E09000003 | E4: Barnet
A5: E02001506 | B5: Gayton & Lower Heswall - Wirral 040 | C5: 44.468125 | D5: E08000015 | E5: Wirral
A6: E02001507 | B6: Bromborough South - Wirral 041 | C6: 17.851696 | D6: E08000015 | E6: Wirral
A7: E02003929 | B7: Porthleven, Breage & Praa Sands - Cornwall 072 | C7: 75.173194 | D7: E06000052 | E7: Cornwall
A8: E02003930 | B8: The Lizard - Cornwall 073 | C8: 62.868238 | D8: E06000052 | E8: Cornwall
A9: E02000193 | B9: Holborn, St Giles & Bloomsbury South - Camden 028 | C9: 5.2357298 | D9: E09000007 | E9: Camden
A10: E02000128 | B10: Chislehurst North - Bromley 002 | C10: 19.325275 | D10: E09000006 | E10: Bromley
A11: E02001564 | B11: Old Cantley, Auckley & Finningley - Doncaster 026 | C11: 25.584353 | D11: E08000017 | E11: Doncaster
A12: E02001565 | B12: Bessacarr Grange & Lakeside - Doncaster 027 | C12: 5.6864038 | D12: E08000017 | E12: Doncaster
A13: E02003932 | B13: Poundstock & Kilkhampton - Cornwall 002 | C13: 49.429866 | D13: E06000052 | E13: Cornwall
... A6856: E02007083 | B6856: Nine Elms - Wandsworth 038 | C6856: 0.26439227 | D6856: E09000032 | E6856: Wandsworth

Sheet crime
A1: Area Code | B1: Area Name | C1: Value | D1: Parent Area Code | E1: Parent Area Name
A2: E02002645 | B2: South Promenade & Seasiders Way - Blackpool 013 | C2: 40 | D2: E06000009 | E2: Blackpool
A3: E02002642 | B3: Central Blackpool - Blackpool 010 | C3: 86 | D3: E06000009 | E3: Blackpool
A4: E02002234 | B4: Holme Wood - Bradford 052 | C4: 152 | D4: E08000032 | E4: Bradford
A5: E02002498 | B5: Ayresome - Middlesbrough 003 | C5: 252 | D5: E06000002 | E5: Middlesbrough
A6: E02006879 | B6: Folkestone Harbour - Shepway 014 | C6: 367 | D6: E07000112 | E6: Folkestone and Hythe
A7: E02002640 | B7: North East Centre - Blackpool 008 | C7: 376 | D7: E06000009 | E7: Blackpool
A8: E02002379 | B8: Seacroft South - Leeds 050 | C8: 414 | D8: E08000035 | E8: Leeds
A9: E02003328 | B9: Chatham Central and Rochester Riverside - Medway 015 | C9: 466 | D9: E06000035 | E9: Medway
A10: E02002415 | B10: Cross Flats Park & Garnets - Leeds 086 | C10: 486 | D10: E08000035 | E10: Leeds
A11: E02001053 | B11: Hapurhey South & Monsall - Manchester 009 | C11: 494 | D11: E08000003 | E11: Manchester
A12: E02002382 | B12: Harehills South - Leeds 053 | C12: 516 | D12: E08000035 | E12: Leeds
A13: E02002401 | B13: Halton Moor - Leeds 072 | C13: 532 | D13: E08000035 | E13: Leeds
... A6857: E02005756 | B6857: Leeming, Pickhill & Thornton - Hambleton 007 | C6857: 33580 | D6857: E07000164 | E6857: Hambleton

Sheet opportunity
A1: Area Code | B1: Area Name | C1: Value | D1: Parent Area Code | E1: Parent Area Name
A2: E02003940 | B2: St Breward, Tredethy & Lanivet - Cornwall 011 | C2: 36.538282 | D2: E06000052 | E2: Cornwall
A3: E02003941 | B3: Bodmin East - Cornwall 014 | C3: 52.102958 | D3: E06000052 | E3: Cornwall
A4: E02003945 | B4: Towednack, Lelant & Carbis Bay - Cornwall 058 | C4: 24.194445 | D4: E06000052 | E4: Cornwall
A5: E02003946 | B5: Marazion, St Erth & Gwinear Gwithian - Cornwall 061 | C5: 29.993619 | D5: E06000052 | E5: Cornwall
A6: E02003947 | B6: West Penwith & St Buryan - Cornwall 065 | C6: 30.450697 | D6: E06000052 | E6: Cornwall
A7: E02003948 | B7: Penzance North - Cornwall 067 | C7: 32.261074 | D7: E06000052 | E7: Cornwall
A8: E02000186 | B8: Camden Town & Mornington Crescent - Camden 021 | C8: 4.0122614 | D8: E09000007 | E8: Camden
A9: E02004035 | B9: Ambergate, Heage & Idridgehay - Amber Valley 007 | C9: 20.407362 | D9: E07000032 | E9: Amber Valley
A10: E02000213 | B10: Selhurst South & West Croydon - Croydon 020 | C10: 8.3711402 | D10: E09000008 | E10: Croydon
A11: E02005506 | B11: Dereham West, Necton & Gressenhall - Breckland 004 | C11: 40.03785 | D11: E07000143 | E11: Breckland
A12: E02004021 | B12: Hawkshead & Cartmel Fell - South Lakeland 007 | C12: 21.489545 | D12: E07000031 | E12: South Lakeland
A13: E02004022 | B13: Coniston, Broughton & Kirkby - South Lakeland 008 | C13: 20.194802 | D13: E07000031 | E13: South Lakeland
... A6856: E02007083 | B6856: Nine Elms - Wandsworth 038 | C6856: 5.2275182 | D6856: E09000032 | E6856: Wandsworth

Sheet health
A1: Area Code | B1: Area Name | C1: Value | D1: Parent Area Code | E1: Parent Area Name
A2: E02000036 | B2: Edgware East - Barnet 013 | C2: 6.3129614 | D2: E09000003 | E2: Barnet
A3: E02000048 | B3: Copthall & Downage - Barnet 025 | C3: 4.2967158 | D3: E09000003 | E3: Barnet
A4: E02000050 | B4: Fallow Corner - Barnet 027 | C4: 5.2930115 | D4: E09000003 | E4: Barnet
A5: E02001506 | B5: Gayton & Lower Heswall - Wirral 040 | C5: 2.6874445 | D5: E08000015 | E5: Wirral
A6: E02001507 | B6: Bromborough South - Wirral 041 | C6: 5.8203162 | D6: E08000015 | E6: Wirral
A7: E02003929 | B7: Porthleven, Breage & Praa Sands - Cornwall 072 | C7: 19.652109 | D7: E06000052 | E7: Cornwall
A8: E02003930 | B8: The Lizard - Cornwall 073 | C8: 25.48503 | D8: E06000052 | E8: Cornwall
A9: E02000193 | B9: Holborn, St Giles & Bloomsbury South - Camden 028 | C9: 4.6075302 | D9: E09000007 | E9: Camden
A10: E02000128 | B10: Chislehurst North - Bromley 002 | C10: 9.5060601 | D10: E09000006 | E10: Bromley
A11: E02001564 | B11: Old Cantley, Auckley & Finningley - Doncaster 026 | C11: 15.62145 | D11: E08000017 | E11: Doncaster
A12: E02001565 | B12: Bessacarr Grange & Lakeside - Doncaster 027 | C12: 9.4109353 | D12: E08000017 | E12: Doncaster
A13: E02003932 | B13: Poundstock & Kilkhampton - Cornwall 002 | C13: 40.672258 | D13: E06000052 | E13: Cornwall
... A6856: E02006829 | B6856: Horndean South & Rowlands Castle - East Hampshire 016 | C6856: 4.140611 | D6856: E07000085 | E6856: East Hampshire
